seção,item_original,nome_normalizado,preço_texto,average_cost_sugerido,cost_category_sugerida,affects_cmv_sugerido,affects_average_cost_sugerido,status_preço,observação
COZINHA CENTRAL - ESPETOS,ESPETO CORAÇÃO,espeto coracao,"R$ 5,90",5.9,cmv,True,True,OK,
COZINHA CENTRAL - ESPETOS,ESPETO DE BABY BEEF,espeto de baby beef,"R$ 12,00",12.0,cmv,True,True,OK,
COZINHA CENTRAL - ESPETOS,ESPETO FRANGO,espeto frango,"R$ 4,14",4.14,cmv,True,True,OK,
COZINHA CENTRAL - ESPETOS,ESPETO KAFTA C/ QUEIJO,espeto kafta c queijo,"R$ 8,83",8.83,cmv,True,True,OK,
COZINHA CENTRAL - ESPETOS,ESPETO LINGUIÇA MINEIRA,espeto linguica mineira,"R$ 5,12",5.12,cmv,True,True,OK,
COZINHA CENTRAL - ESPETOS,ESPETO MISTO,espeto misto,"R$ 5,62",5.62,cmv,True,True,OK,
COZINHA CENTRAL - ESPETOS,ESPETO QUEIJO COALHO,espeto queijo coalho,"R$ 28,95",28.95,cmv,True,True,OK,
COZINHA CENTRAL - ESPETOS,ESPETO SALSICHÃO,espeto salsichao,"R$ 2,84",2.84,cmv,True,True,OK,
COZINHA CENTRAL - ESPETOS,ESPETO SUÍNO,espeto suino,"R$ 5,04",5.04,cmv,True,True,OK,
COZINHA CENTRAL - ESPETOS,ESPETO VEGETARIANO,espeto vegetariano,"R$ 4,92",4.92,cmv,True,True,OK,
COZINHA CENTRAL - ESPETOS,QUEIJO COALHO FESTIVAL,queijo coalho festival,"R$ 2,45",2.45,cmv,True,True,OK,
COZINHA CENTRAL - PROTEÍNAS,CHORIZO,chorizo,"R$ 32,87",32.87,cmv,True,True,OK,
COZINHA CENTRAL - PROTEÍNAS,COSTELA,costela,"R$ 51,65",51.65,cmv,True,True,OK,
COZINHA CENTRAL - PROTEÍNAS,COSTELINHA SUÍNA,costelinha suina,"R$ 35,98",35.98,cmv,True,True,OK,
COZINHA CENTRAL - PROTEÍNAS,"FILÉ MIGNON EXECUTIVO - 0,18KG",file mignon executivo 0 18kg,"R$ 18,83",18.83,cmv,True,True,OK,
COZINHA CENTRAL - PROTEÍNAS,"FILÉ MIGNON REFEIÇÃO - 0,55KG 5 uni",file mignon refeicao 0 55kg 5 uni,"R$ 51,84",51.84,cmv,True,True,OK,
COZINHA CENTRAL - PROTEÍNAS,GALETO +/- 1KG,galeto 1kg,"R$ 15,09",15.09,cmv,True,True,OK,
COZINHA CENTRAL - PROTEÍNAS,"HAMBÚRGUER BOV150g WESSEL 6,3kg CX42u",hamburguer bov150g wessel 6 3kg cx42u,"R$ 5,67",5.67,cmv,True,True,OK,
COZINHA CENTRAL - PROTEÍNAS,"PICANHA EXECUTIVO - 0,16KG",picanha executivo 0 16kg,"R$ 21,58",21.58,cmv,True,True,OK,
COZINHA CENTRAL - PROTEÍNAS,"PICANHA FATIADA - 0,65KG 5 uni",picanha fatiada 0 65kg 5 uni,"R$ 85,78",85.78,cmv,True,True,OK,
COZINHA CENTRAL - PROTEÍNAS,"TÁBUA CORAÇÃO DE ALCATRA - 0,25KG 3uni",tabua coracao de alcatra 0 25kg 3uni,"R$ 18,98",18.98,cmv,True,True,OK,
COZINHA CENTRAL - ENTRADAS,LINGUIÇA DE PERNIL PEQUENA C/10 UN,linguica de pernil pequena c 10 un,"R$ 21,32",21.32,cmv,True,True,OK,
COZINHA CENTRAL - ENTRADAS,LINGUIÇA PROVOLONE ROLO,linguica provolone rolo,"R$ 19,08",19.08,cmv,True,True,OK,
COZINHA CENTRAL - ENTRADAS,LINGUIÇA TOSCANA NABRASA 160GR- C/7 UN,linguica toscana nabrasa 160gr c 7 un,"R$ 33,33",33.33,cmv,True,True,OK,
COZINHA CENTRAL - ENTRADAS,MEIO PÃO DE ALHO,meio pao de alho,"R$ 1,22",1.22,cmv,True,True,OK,
COZINHA CENTRAL - ENTRADAS,PALMITO,palmito,"R$ 27,60",27.6,cmv,True,True,OK,
COZINHA CENTRAL - ENTRADAS,PASTEL GRANDE CAMARÃO - 2UN,pastel grande camarao 2un,"R$ 8,87",8.87,cmv,True,True,OK,
COZINHA CENTRAL - ENTRADAS,PASTEL GRANDE CATUPIRY - 2UN,pastel grande catupiry 2un,"R$ 5,10",5.1,cmv,True,True,OK,
COZINHA CENTRAL - ENTRADAS,PASTEL GRANDE COSTELA - 2UN,pastel grande costela 2un,"R$ 6,18",6.18,cmv,True,True,OK,
COZINHA CENTRAL - ENTRADAS,PÃO DE ALHO,pao de alho,"R$ 2,92",2.92,cmv,True,True,OK,
COZINHA CENTRAL - LANCHES,"BACON DEF TIRAS (HAMBÚRGUER) - 0,25KG",bacon def tiras hamburguer 0 25kg,"R$ 13,84",13.84,cmv,True,True,OK,
COZINHA CENTRAL - LANCHES,MAIONESE TEMPERADA,maionese temperada,"R$ 2,69",2.69,cmv,True,True,OK,
COZINHA CENTRAL - LANCHES,CEBOLA CARAMELIZADA SPICY,cebola caramelizada spicy,"R$ 2,87",2.87,cmv,True,True,OK,
COZINHA CENTRAL - LANCHES,PÃO BRIOCHE TRAD HB 48UN GERG. MESCLADO,pao brioche trad hb 48un gerg mesclado,"R$ 1,65",1.65,cmv,True,True,OK,
COZINHA CENTRAL - LANCHES,QUEIJO CHEDDAR VIGOR MOLHO,queijo cheddar vigor molho,"R$ 47,90",47.9,cmv,True,True,OK,
COZINHA CENTRAL - LANCHES,"KETCHUP 1,033kg Heinz",ketchup 1 033kg heinz,"R$ 18,25",18.25,cmv,True,True,OK,
COZINHA CENTRAL - LANCHES,MOLHO AMERICANO ZAFRAN,molho americano zafran,"R$ 34,90",34.9,cmv,True,True,OK,
COZINHA CENTRAL - LANCHES,"MOSTARDA 1,1KG JUNIOR",mostarda 1 1kg junior,"R$ 18,20",18.2,cmv,True,True,OK,
COZINHA CENTRAL - LANCHES,"MAIONESE DE BACON 1,1KG JUNIOR",maionese de bacon 1 1kg junior,"R$ 43,70",43.7,cmv,True,True,OK,
COZINHA CENTRAL - LANCHES,"QUEIJO CHEDDAR FATIADO - 2,27KG 150 FATIAS",queijo cheddar fatiado 2 27kg 150 fatias,"R$ 2,87",2.87,cmv,True,True,OK,
COZINHA CENTRAL - LANCHES,"QUEIJO PROC PRATO 2,24KG VIGOR 160 FATIAS",queijo proc prato 2 24kg vigor 160 fatias,"R$ 0,74",0.74,cmv,True,True,OK,
COZINHA CENTRAL - LANCHES,PICKLES PEPINO RODELAS 440G HANKS,pickles pepino rodelas 440g hanks,"R$ 13,98",13.98,cmv,True,True,OK,
COZINHA CENTRAL - SOBREMESAS,PUDIM DE LEITE,pudim de leite,"R$ 2,47",2.47,cmv,True,True,OK,
COZINHA CENTRAL - MOLHOS,CONFIT PIMENTA BIQUINHO,confit pimenta biquinho,"R$ 10,21",10.21,cmv,True,True,OK,
COZINHA CENTRAL - MOLHOS,MOLHO A CAMPANHA - 2.3Kg,molho a campanha 2 3kg,"R$ 18,95",18.95,cmv,True,True,OK,
COZINHA CENTRAL - MOLHOS,MOLHO GORGONZOLA - POTE 500ML,molho gorgonzola pote 500ml,"R$ 11,61",11.61,cmv,True,True,OK,
COZINHA CENTRAL - MOLHOS,"MOLHO PESTO POTE - 0,5L",molho pesto pote 0 5l,"R$ 10,93",10.93,cmv,True,True,OK,
COZINHA CENTRAL - BASES,ALHO TRITURADO,alho triturado,"R$ 10,88",10.88,cmv,True,True,OK,
COZINHA CENTRAL - BASES,CROUTONS,croutons,"R$ 3,50",3.5,cmv,True,True,OK,
COZINHA CENTRAL - BASES,"FAROFA 2,5 KG",farofa 2 5 kg,"R$ 31,15",31.15,cmv,True,True,OK,
COZINHA CENTRAL - BASES,FARINHA CRUA 1KG,farinha crua 1kg,"R$ 8,99",8.99,cmv,True,True,OK,
COZINHA CENTRAL - BASES,FEIJÃO COZIDO - 3KG,feijao cozido 3kg,"R$ 6,96",6.96,cmv,True,True,OK,
COZINHA CENTRAL - BASES,ALHO FRITO 1KG,alho frito 1kg,"R$ 28,00",28.0,cmv,True,True,OK,
LATICÍNIOS E OVOS,LEITE INTEGRAL,leite integral,"R$ 5,43",5.43,cmv,True,True,OK,
LATICÍNIOS E OVOS,Margarina Vegetal 80% 3kg Elogiata,margarina vegetal 80 3kg elogiata,"R$ 12,17",12.17,cmv,True,True,OK,
LATICÍNIOS E OVOS,OVO BRANCO,ovo branco,"R$ 0,80",0.8,cmv,True,True,OK,
LATICÍNIOS E OVOS,"QUEIJO PARMESÃO RALADO - 0,2KG",queijo parmesao ralado 0 2kg,"R$ 16,80",16.8,cmv,True,True,OK,
MERCEARIA,ARROZ AG LF 5kg Máximo,arroz ag lf 5kg maximo,"R$ 27,50",27.5,cmv,True,True,OK,
MERCEARIA,AÇÚCAR REFINADO,acucar refinado,"R$ 4,98",4.98,cmv,True,True,OK,
MERCEARIA,SAL REFINADO,sal refinado,"R$ 3,46",3.46,cmv,True,True,OK,
MERCEARIA,OLEO DE ALGODÃO 14kg ELOGIATA,oleo de algodao 14kg elogiata,"R$ 178,80",178.8,cmv,True,True,OK,
MERCEARIA,MATE LEÃO DA CASA 1KG,mate leao da casa 1kg,"R$ 47,60",47.6,cmv,True,True,OK,
CONGELADOS,"BATATA CANOA 2,5kg MCCAIN",batata canoa 2 5kg mccain,"R$ 46,65",46.65,cmv,True,True,OK,
CONGELADOS,BATATA PALITO NOBREDO CX7X2KG,batata palito nobredo cx7x2kg,"R$ 10,15",10.15,cmv,True,True,OK,
CONGELADOS,"MANDIOCA TOLETE MATHEUS CX4X2,5",mandioca tolete matheus cx4x2 5,"R$ 15,99",15.99,cmv,True,True,OK,
HORTIFRUTI,ALECRIM,alecrim,"R$ 2,95",2.95,cmv,True,True,OK,
HORTIFRUTI,ALFACE AMERICANA,alface americana,"R$ 4,45",4.45,cmv,True,True,OK,
HORTIFRUTI,ALFACE CRESPA,alface crespa,"R$ 2,45",2.45,cmv,True,True,OK,
HORTIFRUTI,BATATA ASTERIX,batata asterix,"R$ 3,95",3.95,cmv,True,True,OK,
HORTIFRUTI,BATATA CALABRESA,batata calabresa,"R$ 3,95",3.95,cmv,True,True,OK,
HORTIFRUTI,BRÓCOLIS COMUM,brocolis comum,"R$ 4,95",4.95,cmv,True,True,OK,
HORTIFRUTI,CEBOLA ROXA,cebola roxa,"R$ 6,95",6.95,cmv,True,True,OK,
HORTIFRUTI,LARANJA SELETA,laranja seleta,"R$ 3,56",3.56,cmv,True,True,OK,
HORTIFRUTI,LIMÃO,limao,"R$ 3,45",3.45,cmv,True,True,OK,
HORTIFRUTI,LIMÃO SICILIANO,limao siciliano,"R$ 12,95",12.95,cmv,True,True,OK,
HORTIFRUTI,SALSA CRESPA,salsa crespa,"R$ 3,95",3.95,cmv,True,True,OK,
HORTIFRUTI,TOMATE SALADA,tomate salada,"R$ 6,95",6.95,cmv,True,True,OK,
HORTIFRUTI,TOMATE GRAPE,tomate grape,"R$ 7,99",7.99,cmv,True,True,OK,
HORTIFRUTI,RUCULA,rucula,"R$ 1,99",1.99,cmv,True,True,OK,
CONDIMENTOS,"Azeite Composto 5,02L Lisboa Blend",azeite composto 5 02l lisboa blend,"R$ 17,31",17.31,cmv,True,True,OK,
CONDIMENTOS,Azeitona Fatiada Preta 2kg WWL,azeitona fatiada preta 2kg wwl,"R$ 33,40",33.4,cmv,True,True,OK,
CONDIMENTOS,"MELADO - 0,5KG",melado 0 5kg,"R$ 58,00",58.0,cmv,True,True,OK,
CONDIMENTOS,"MILHO TORRADO C/ MOSTARDA E MEL - 0,25KG",milho torrado c mostarda e mel 0 25kg,"R$ 15,79",15.79,cmv,True,True,OK,
CONDIMENTOS,PIMENTA TABASCO,pimenta tabasco,"R$ 20,97",20.97,cmv,True,True,OK,
CONDIMENTOS,AZEITE SALÃO,azeite salao,"R$ 23,76",23.76,cmv,True,True,OK,
CONDIMENTOS,"VINAGRE - 0,75L",vinagre 0 75l,"R$ 3,98",3.98,cmv,True,True,OK,
TEMPEROS,"CHIMICHURRI - 0,2KG",chimichurri 0 2kg,"R$ 14,76",14.76,cmv,True,True,OK,
TEMPEROS,"LEMON PEPPER - 0,4KG",lemon pepper 0 4kg,"R$ 25,68",25.68,cmv,True,True,OK,
TEMPEROS,"LOURO - 0,01KG",louro 0 01kg,"R$ 3,24",3.24,cmv,True,True,OK,
TEMPEROS,SAL DE PARRILLA - PORÇÃO,sal de parrilla porcao,"R$ 6,54",6.54,cmv,True,True,OK,
TEMPEROS,SAL TEMPERADO 200G,sal temperado 200g,"R$ 5,47",5.47,cmv,True,True,OK,
BEBIDAS,Chopp Brahma Claro 50L Barril,chopp brahma claro 50l barril,"R$ 710,00",710.0,cmv,True,True,OK,
BEBIDAS,Cerv Heineken Pils 12x473ml,cerv heineken pils 12x473ml,"R$ 6,63",6.63,cmv,True,True,OK,
BEBIDAS,Cerv Heineken 0.0% LN 330ml,cerv heineken 0 0 ln 330ml,"R$ 5,94",5.94,cmv,True,True,OK,
BEBIDAS,Coca-Cola Zero Lata 350ml,coca cola zero lata 350ml,"R$ 3,01",3.01,cmv,True,True,OK,
BEBIDAS,Coca-Cola Lata 350ml,coca cola lata 350ml,"R$ 3,02",3.02,cmv,True,True,OK,
BEBIDAS,"Coca-Cola Original PET 1,5L",coca cola original pet 1 5l,"R$ 7,05",7.05,cmv,True,True,OK,
BEBIDAS,"Coca-Cola zero PET 1,5L",coca cola zero pet 1 5l,"R$ 7,04",7.04,cmv,True,True,OK,
BEBIDAS,Dell Vale Uva Lata 290ml,dell vale uva lata 290ml,"R$ 2,75",2.75,cmv,True,True,OK,
BEBIDAS,Dell Vale Pessego Lata 290ml,dell vale pessego lata 290ml,"R$ 2,75",2.75,cmv,True,True,OK,
BEBIDAS,Sprit Lata 350ml,sprit lata 350ml,"R$ 2,75",2.75,cmv,True,True,OK,
BEBIDAS,Fanta Uva Lata 350ml,fanta uva lata 350ml,"R$ 2,75",2.75,cmv,True,True,OK,
BEBIDAS,Fanta Laranja Lata 350ml,fanta laranja lata 350ml,"R$ 2,75",2.75,cmv,True,True,OK,
BEBIDAS,Matte Leão Limão WF PET 300ml CX12,matte leao limao wf pet 300ml cx12,"R$ 3,01",3.01,cmv,True,True,OK,
BEBIDAS,Matte Leão Natural WF PET 300ml CX12,matte leao natural wf pet 300ml cx12,"R$ 2,99",2.99,cmv,True,True,OK,
BEBIDAS,Matte Leão Natural Zero WF PET 300ml,matte leao natural zero wf pet 300ml,"R$ 2,99",2.99,cmv,True,True,OK,
BEBIDAS,Ice Tea Limão PET 300ml CX12,ice tea limao pet 300ml cx12,"R$ 2,99",2.99,cmv,True,True,OK,
BEBIDAS,Ice Tea Pêssego PET 300ml CX12,ice tea pessego pet 300ml cx12,"R$ 2,99",2.99,cmv,True,True,OK,
BEBIDAS,Água c/ gás Cristal,agua c gas cristal,"R$ 2,17",2.17,cmv,True,True,OK,
BEBIDAS,Água s/ gas Cristal,agua s gas cristal,"R$ 1,75",1.75,cmv,True,True,OK,
BEBIDAS,Guaraná Antarctica Lata 350ml 12 unid,guarana antarctica lata 350ml 12 unid,"R$ 2,70",2.7,cmv,True,True,OK,
BEBIDAS,Guaraná Antarctica zero Lata 350ml 12 unid,guarana antarctica zero lata 350ml 12 unid,"R$ 2,70",2.7,cmv,True,True,OK,
BEBIDAS,"Guaraná Antarctica zero 1,5 6 unid",guarana antarctica zero 1 5 6 unid,"R$ 4,69",4.69,cmv,True,True,OK,
BEBIDAS,"Guaraná Antarctica 1,5L 6 unid",guarana antarctica 1 5l 6 unid,"R$ 4,68",4.68,cmv,True,True,OK,
BEBIDAS,H2OH Limoneto C/Gás PET 500ml CX12,h2oh limoneto c gas pet 500ml cx12,"R$ 3,29",3.29,cmv,True,True,OK,
BEBIDAS,H2OH Limão C/Gás PET 500ml CX12,h2oh limao c gas pet 500ml cx12,"R$ 3,29",3.29,cmv,True,True,OK,
BEBIDAS,Red Bull Lata 250ml SixPack,red bull lata 250ml sixpack,"R$ 5,54",5.54,cmv,True,True,OK,
BEBIDAS,Hocus Pocus Orange Sunshine GFA 500ml CX6,hocus pocus orange sunshine gfa 500ml cx6,"R$ 12,50",12.5,cmv,True,True,OK,
BEBIDAS,Hocus Pocus Magic 500 ml cx 6,hocus pocus magic 500 ml cx 6,"R$ 9,38",9.38,cmv,True,True,OK,
BEBIDAS,Stella Artois Long Neck 330ml SixPack SH4,stella artois long neck 330ml sixpack sh4,"R$ 5,84",5.84,cmv,True,True,OK,
BEBIDAS,Stella Artois Pure Gold LN 330ml SP SH4,stella artois pure gold ln 330ml sp sh4,"R$ 6,18",6.18,cmv,True,True,OK,
BEBIDAS,Tônica Antarctica Lata 350ml SH12,tonica antarctica lata 350ml sh12,"R$ 3,51",3.51,cmv,True,True,OK,
BEBIDAS,CAPSULA DE CAFÉ,capsula de cafe,"R$ 6,56",6.56,cmv,True,True,OK,
BEBIDAS,MALZIBIER BRAHMA lata 350ml c/12,malzibier brahma lata 350ml c 12,"R$ 4,59",4.59,cmv,True,True,OK,
DESTILADOS E VINHOS,Absolut Original Garrafa 1L,absolut original garrafa 1l,"R$ 54,78",54.78,cmv,True,True,OK,
DESTILADOS E VINHOS,Aperol 750ml,aperol 750ml,"R$ 43,95",43.95,cmv,True,True,OK,
DESTILADOS E VINHOS,Zanella Merlot Vinho tinto 750ml,zanella merlot vinho tinto 750ml,"R$ 82,50",82.5,cmv,True,True,OK,
DESTILADOS E VINHOS,Zanella Chardonnay Vinho branco 750ml,zanella chardonnay vinho branco 750ml,"R$ 89,00",89.0,cmv,True,True,OK,
DESTILADOS E VINHOS,Zanella Blanc de Blanc - Espumante 750ml,zanella blanc de blanc espumante 750ml,"R$ 75,00",75.0,cmv,True,True,OK,
DESTILADOS E VINHOS,Da quinta - Cachaça 500ml,da quinta cachaca 500ml,"R$ 78,72",78.72,cmv,True,True,OK,
DESTILADOS E VINHOS,Werneck - Cachaça 750ml,werneck cachaca 750ml,"R$ 98,90",98.9,cmv,True,True,OK,
DESTILADOS E VINHOS,Smirnoff - Vodka 600ml,smirnoff vodka 600ml,"R$ 36,30",36.3,cmv,True,True,OK,
DESTILADOS E VINHOS,Salinas imburana - Cachaça 1l,salinas imburana cachaca 1l,"R$ 69,18",69.18,cmv,True,True,OK,
DESTILADOS E VINHOS,Salinas Cristalina - Cachaça 1l,salinas cristalina cachaca 1l,"R$ 19,90",19.9,cmv,True,True,OK,
DESTILADOS E VINHOS,Sagatiba - Cachaça 700ml,sagatiba cachaca 700ml,"R$ 21,90",21.9,cmv,True,True,OK,
DESTILADOS E VINHOS,Lua Nova - Cachaça 1l,lua nova cachaca 1l,"R$ 48,07",48.07,cmv,True,True,OK,
DESTILADOS E VINHOS,Charmosa de minas - Cachaça 980ml,charmosa de minas cachaca 980ml,"R$ 39,58",39.58,cmv,True,True,OK,
DESTILADOS E VINHOS,51 - Cachaça 965lm,51 cachaca 965lm,"R$ 18,00",18.0,cmv,True,True,OK,
DESTILADOS E VINHOS,Seleta - Cachaça 1l,seleta cachaca 1l,"R$ 49,97",49.97,cmv,True,True,OK,
DESTILADOS E VINHOS,Licor 43 700ml,licor 43 700ml,"R$ 134,30",134.3,cmv,True,True,OK,
DESTILADOS E VINHOS,Salton Brut 750ml,salton brut 750ml,"R$ 24,90",24.9,cmv,True,True,OK,
DESTILADOS E VINHOS,Surrender Vinho Cabernet Sauvignon/Merlot 3L,surrender vinho cabernet sauvignon merlot 3l,"R$ 3,76",3.76,cmv,True,True,OK,
DESCARTÁVEIS,CANUDO SHAKE IT´S BIO 3000 - PCT 100,canudo shake it s bio 3000 pct 100,"R$ 3,00",3.0,embalagem,False,False,OK,
DESCARTÁVEIS,EMBALAGEM DE ISOPOR CARNE - 100UN,embalagem de isopor carne 100un,"R$ 105,15",105.15,embalagem,False,False,OK,
DESCARTÁVEIS,EMBALAGEM DE ISOPOR EXECUTIVO - 100UN,embalagem de isopor executivo 100un,"R$ 144,60",144.6,embalagem,False,False,OK,
DESCARTÁVEIS,EMBALAGEM TAMPA EXECUTIVO - 100UN,embalagem tampa executivo 100un,"R$ 148,94",148.94,embalagem,False,False,OK,
DESCARTÁVEIS,EMBALAGEM DE ISOPOR HAMBURG - 100UN,embalagem de isopor hamburg 100un,"R$ 32,40",32.4,embalagem,False,False,OK,
DESCARTÁVEIS,GUARDANAPO SIMPLES,guardanapo simples,"R$ 1,40",1.4,embalagem,False,False,OK,
DESCARTÁVEIS,JOGO AMERICANO 30X40 60G,jogo americano 30x40 60g,"R$ 0,00",0.0,embalagem,False,False,PREÇO ZERO,Revisar: preço igual a zero
DESCARTÁVEIS,PAPEL ACOPLADO PERSON PCT1KG,papel acoplado person pct1kg,"R$ 42,90",42.9,embalagem,False,False,OK,
DESCARTÁVEIS,POTE 30ML - 50UN,pote 30ml 50un,"R$ 13,90",13.9,embalagem,False,False,OK,
DESCARTÁVEIS,POTE 60ML - 100UN,pote 60ml 100un,"R$ 30,79",30.79,embalagem,False,False,OK,
DESCARTÁVEIS,POTE 145ML - 25UN,pote 145ml 25un,"R$ 7,80",7.8,embalagem,False,False,OK,
DESCARTÁVEIS,POTE 250ML - 25UN,pote 250ml 25un,"R$ 12,67",12.67,embalagem,False,False,OK,
DESCARTÁVEIS,POTE 500ML - 25UN,pote 500ml 25un,"R$ 17,90",17.9,embalagem,False,False,OK,
DESCARTÁVEIS,QUENTINHA 500ML - 100UN,quentinha 500ml 100un,"R$ 63,60",63.6,embalagem,False,False,OK,
DESCARTÁVEIS,QUENTINHA 1100ML - 100UN,quentinha 1100ml 100un,"R$ 136,80",136.8,embalagem,False,False,OK,
DESCARTÁVEIS,QUENTINHA 220ML - 100UN,quentinha 220ml 100un,"R$ 44,40",44.4,embalagem,False,False,OK,
DESCARTÁVEIS,SACO DELIVERY (M) - 50UN,saco delivery m 50un,"R$ 32,34",32.34,embalagem,False,False,OK,
DESCARTÁVEIS,SACO DELIVERY (G) - 50UN,saco delivery g 50un,"R$ 44,85",44.85,embalagem,False,False,OK,
DESCARTÁVEIS,SACO DELIVERY (GG) - 50UN,saco delivery gg 50un,"R$ 61,89",61.89,embalagem,False,False,OK,
DESCARTÁVEIS,SACO EMBALAR TALHER PERSO - PCT 200,saco embalar talher perso pct 200,"R$ 16,69",16.69,embalagem,False,False,OK,
DESCARTÁVEIS,SACOLA VERDE P - 110unid,sacola verde p 110unid,"R$ 6,34",6.34,embalagem,False,False,OK,
DESCARTÁVEIS,SACOLA BRANCA 100unid,sacola branca 100unid,"R$ 57,60",57.6,embalagem,False,False,OK,
DESCARTÁVEIS,SALADEIRA 1000ML,saladeira 1000ml,"R$ 1,44",1.44,embalagem,False,False,OK,
DESCARTÁVEIS,SALADEIRA 500ML,saladeira 500ml,"R$ 1,07",1.07,embalagem,False,False,OK,
DESCARTÁVEIS,FITA KRAFT,fita kraft,"R$ 15,83",15.83,embalagem,False,False,OK,
DESCARTÁVEIS,ASSA RÁPIDO,assa rapido,,,embalagem,False,False,SEM PREÇO,Preencher manualmente
DESCARTÁVEIS,ETIQUETA VALIDADE 100UND,etiqueta validade 100und,,,embalagem,False,False,SEM PREÇO,Preencher manualmente
DESCARTÁVEIS,TINTA ETIQUETADORA (PAPEL BRANCO),tinta etiquetadora papel branco,"R$ 1,79",1.79,embalagem,False,False,OK,
DESCARTÁVEIS,EMBALAGEM DE ESPETO 100UNI,embalagem de espeto 100uni,,,embalagem,False,False,SEM PREÇO,Preencher manualmente
DESCARTÁVEIS,EMBALAGEM DE GALETO 400UNI,embalagem de galeto 400uni,,,embalagem,False,False,SEM PREÇO,Preencher manualmente
DESCARTÁVEIS,TALHER DESCARTAVEL,talher descartavel,,,embalagem,False,False,SEM PREÇO,Preencher manualmente
DESCARTÁVEIS,TOUCA DESCARTAVEL,touca descartavel,,,embalagem,False,False,SEM PREÇO,Preencher manualmente
DESCARTÁVEIS,MEXEDOR DE CAFÉ,mexedor de cafe,,,embalagem,False,False,SEM PREÇO,Preencher manualmente
DESCARTÁVEIS,GUARDANAPO PERSONALIZADO,guardanapo personalizado,,,embalagem,False,False,SEM PREÇO,Preencher manualmente
DESCARTÁVEIS,PAPEL ALUMINIO ROLO 45X65 MTS,papel aluminio rolo 45x65 mts,,,embalagem,False,False,SEM PREÇO,Preencher manualmente
DESCARTÁVEIS,CANUDO DRINK,canudo drink,"R$ 5,63",5.63,embalagem,False,False,OK,
INSUMOS OPERACIONAIS,BOBINA PICOTADA 16X30 ROLO,bobina picotada 16x30 rolo,"R$ 5,22",5.22,uso_consumo,False,False,OK,
INSUMOS OPERACIONAIS,"BOBINA PICOTE 30X40 - ROLO MEDIA 1,71KG",bobina picote 30x40 rolo media 1 71kg,"R$ 6,60",6.6,uso_consumo,False,False,OK,
INSUMOS OPERACIONAIS,"BOBINA PICOTE 40X60 - ROLO MEDIA 2,36KG",bobina picote 40x60 rolo media 2 36kg,"R$ 12,31",12.31,uso_consumo,False,False,OK,
INSUMOS OPERACIONAIS,"BOBINA PICOTE 20X35 - ROLO MEDIA 1,71KG",bobina picote 20x35 rolo media 1 71kg,"R$ 94,18",94.18,uso_consumo,False,False,OK,
INSUMOS OPERACIONAIS,BOBINA TERMICA AMARELA 79X30 CX30- UNI,bobina termica amarela 79x30 cx30 uni,"R$ 59,40",59.4,uso_consumo,False,False,OK,
INSUMOS OPERACIONAIS,SACHE AÇÚCAR UNIÃO 400 - PCT 100UND,sache acucar uniao 400 pct 100und,,,uso_consumo,False,False,SEM PREÇO,Preencher manualmente
INSUMOS OPERACIONAIS,SACHE PALITO DENTAL 2000 - PCT100,sache palito dental 2000 pct100,,,uso_consumo,False,False,SEM PREÇO,Preencher manualmente
INSUMOS OPERACIONAIS,SACHE SAL ITA 2000 - PCT 100,sache sal ita 2000 pct 100,"R$ 21,48",21.48,uso_consumo,False,False,OK,
INSUMOS OPERACIONAIS,CARVAO - Un,carvao un,,,uso_consumo,False,False,SEM PREÇO,Preencher manualmente
INSUMOS OPERACIONAIS,CLORIN VERDURAS,clorin verduras,"R$ 1,17",1.17,uso_consumo,False,False,OK,
INSUMOS OPERACIONAIS,BILHETINHO,bilhetinho,"R$ 3,47",3.47,uso_consumo,False,False,OK,
INSUMOS OPERACIONAIS,BISCOITO CAFÉ,biscoito cafe,,,uso_consumo,False,False,SEM PREÇO,Preencher manualmente
INSUMOS OPERACIONAIS,FOLHA DE DESENHO,folha de desenho,,,uso_consumo,False,False,SEM PREÇO,Preencher manualmente
LIMPEZA,ESPONJA DE AÇO 2,esponja de aco 2,"R$ 0,00",0.0,limpeza,False,False,PREÇO ZERO,Revisar: preço igual a zero
LIMPEZA,DESINFETANTE LAVANDA - 5LT,desinfetante lavanda 5lt,"R$ 5,00",5.0,limpeza,False,False,OK,
LIMPEZA,Detergente 500ml Neutro CX24,detergente 500ml neutro cx24,"R$ 9,2",9.2,limpeza,False,False,OK,
LIMPEZA,ESPONJA 3M DUPLA FACE UND,esponja 3m dupla face und,"R$ 11,80",11.8,limpeza,False,False,OK,
LIMPEZA,ESPONJA RISCA LIMPEZA (AZUL),esponja risca limpeza azul,,,limpeza,False,False,SEM PREÇO,Preencher manualmente
LIMPEZA,ESPONJA FIBRACO 3M LIMPEZA PESADA Grande,esponja fibraco 3m limpeza pesada grande,"R$ 5,95",5.95,limpeza,False,False,OK,
LIMPEZA,LUVA LIMPEZA UND,luva limpeza und,"R$ 5,81",5.81,limpeza,False,False,OK,
LIMPEZA,ÁLCOOL LÍQUIDO - 70% 1L,alcool liquido 70 1l,"R$ 5,98",5.98,limpeza,False,False,OK,
LIMPEZA,MASTER GRILL (ECOGRILL) - 1L,master grill ecogrill 1l,"R$ 0,00",0.0,limpeza,False,False,PREÇO ZERO,Revisar: preço igual a zero
LIMPEZA,PANO DE CHÃO GRANDE,pano de chao grande,"R$ 0,00",0.0,limpeza,False,False,PREÇO ZERO,Revisar: preço igual a zero
LIMPEZA,PERFEX AZUL ROLO 240M,perfex azul rolo 240m,,,limpeza,False,False,SEM PREÇO,Preencher manualmente
LIMPEZA,SACO DE LIXO 200L,saco de lixo 200l,"R$ 0,00",0.0,limpeza,False,False,PREÇO ZERO,Revisar: preço igual a zero
LIMPEZA,SACO DE LIXO 100L,saco de lixo 100l,"R$ 1,00",1.0,limpeza,False,False,OK,
LIMPEZA,PAPEL TOALHA,papel toalha,"R$ 2,21",2.21,limpeza,False,False,OK,
LIMPEZA,PAPEL FUNCIONARIO,papel funcionario,"R$ 6,89",6.89,limpeza,False,False,OK,
FUNCIONÁRIO,ACÉM,acem,,,cmv,True,True,SEM PREÇO,Preencher manualmente
FUNCIONÁRIO,CARNE MOIDA,carne moida,"R$ 60,50",60.5,cmv,True,True,OK,
FUNCIONÁRIO,BISTECA,bisteca,,,cmv,True,True,SEM PREÇO,Preencher manualmente
FUNCIONÁRIO,COXA COM SOBRECOXA,coxa com sobrecoxa,"R$ 14,76",14.76,cmv,True,True,OK,
FUNCIONÁRIO,FILE FRANGO,file frango,"R$ 2,76",2.76,cmv,True,True,OK,
FUNCIONÁRIO,DRUMETE,drumete,"R$ 5,47",5.47,cmv,True,True,OK,
FUNCIONÁRIO,PEIXE,peixe,"R$ 24,72",24.72,cmv,True,True,OK,
FUNCIONÁRIO,MACARRÃO,macarrao,,,cmv,True,True,SEM PREÇO,Preencher manualmente
FUNCIONÁRIO,LINGUIÇA,linguica,"R$ 2,88",2.88,cmv,True,True,OK,
FUNCIONÁRIO,SOBREPALETA,sobrepaleta,,,cmv,True,True,SEM PREÇO,Preencher manualmente
FUNCIONÁRIO,VERDURA,verdura,,,cmv,True,True,SEM PREÇO,Preencher manualmente
FUNCIONÁRIO,LEGUME,legume,,,cmv,True,True,SEM PREÇO,Preencher manualmente
FUNCIONÁRIO,LEGUME,legume,,,cmv,True,True,SEM PREÇO,Preencher manualmente
FUNCIONÁRIO,CAFÉ KG,cafe kg,"R$ 29,98",29.98,cmv,True,True,OK,
